<?xml version="1.0" encoding="UTF-8"?>

<mule xmlns:mule-ss="http://www.mulesoft.org/schema/mule/spring-security"
	xmlns:amqp="http://www.mulesoft.org/schema/mule/amqp" xmlns:cluster="http://www.mulesoft.org/schema/mule/ee/cluster" xmlns:apikit="http://www.mulesoft.org/schema/mule/apikit"
	xmlns:http="http://www.mulesoft.org/schema/mule/http" xmlns:context="http://www.springframework.org/schema/context" xmlns:db="http://www.mulesoft.org/schema/mule/db" xmlns="http://www.mulesoft.org/schema/mule/core" xmlns:doc="http://www.mulesoft.org/schema/mule/documentation"
	xmlns:spring="http://www.springframework.org/schema/beans" 
	xmlns:xsi="http://www.w3.org/2001/XMLSchema-instance"
	xsi:schemaLocation="http://www.mulesoft.org/schema/mule/spring-security http://www.mulesoft.org/schema/mule/spring-security/current/mule-spring-security.xsd
http://www.mulesoft.org/schema/mule/apikit http://www.mulesoft.org/schema/mule/apikit/current/mule-apikit.xsd
http://www.springframework.org/schema/beans http://www.springframework.org/schema/beans/spring-beans-current.xsd
http://www.mulesoft.org/schema/mule/core http://www.mulesoft.org/schema/mule/core/current/mule.xsd
http://www.mulesoft.org/schema/mule/db http://www.mulesoft.org/schema/mule/db/current/mule-db.xsd
http://www.springframework.org/schema/context http://www.springframework.org/schema/context/spring-context-current.xsd
http://www.mulesoft.org/schema/mule/http http://www.mulesoft.org/schema/mule/http/current/mule-http.xsd
http://www.mulesoft.org/schema/mule/amqp http://www.mulesoft.org/schema/mule/amqp/current/mule-amqp.xsd">
    
    <spring:beans>
        <spring:import resource="classpath:beans.xml" />
    </spring:beans>
	<mule-ss:security-manager name="_muleSecurityManager" doc:name="Spring Security Provider">
		<mule-ss:delegate-security-provider name="memory-provider" delegate-ref="authenticationManager" >
		</mule-ss:delegate-security-provider>
	</mule-ss:security-manager>
    
    
    <db:mysql-config name="MySQL_Configuration1" host="${db.host}" port="${db.port}" user="${db.user}" password="${db.password}" database="${db.database}" doc:name="MySQL Configuration"/>
    <context:property-placeholder location="examples-${env}.properties"/>
    <http:listener-config name="HTTP_Listener_Configuration" host="localhost" port="${http.port}" doc:name="HTTP Listener Configuration"/>
    <configuration defaultExceptionStrategy-ref="accounts-apiKitGlobalExceptionMapping" doc:name="Configuration">
        <http:config useTransportForUris="false"/>
    </configuration>
    <amqp:connector name="AMQP_0_9_Connector" validateConnections="true" host="chimpanzee.rmq.cloudamqp.com" virtualHost="ffrzemgi" username="ffrzemgi" password="SVDAZubsFWPc_xNxL4DR0jozs-w5NHc5" doc:name="AMQP-0-9 Connector"/>
      <apikit:mapping-exception-strategy name="accounts-apiKitGlobalExceptionMapping">
        <apikit:mapping statusCode="400">
            <apikit:exception value="org.mule.module.apikit.exception.BadRequestException" />
            <set-property propertyName="Content-Type" value="application/json" doc:name="Property"/>
            <set-payload value="{ &quot;message&quot;: &quot;Bad request&quot; }" doc:name="Set Payload"/>
        </apikit:mapping>
         
        <apikit:mapping statusCode="405">
            <apikit:exception value="org.mule.module.apikit.exception.MethodNotAllowedException" />
            <set-property propertyName="Content-Type" value="application/json" doc:name="Property"/>
            <set-payload value="{ &quot;message&quot;: &quot;Method not allowed&quot; }" doc:name="Set Payload"/>
        </apikit:mapping>
        <apikit:mapping statusCode="401">
            <apikit:exception value="org.springframework.security.authentication.BadCredentialsException"/>
            <apikit:exception value="org.mule.api.security.NotPermittedException"/>
            <set-property propertyName="Content-Type" value="application/json" doc:name="Property"/>
            <set-payload value="{
&quot;code&quot; : 401,
 &quot;message&quot;: &quot;UnAuthorised User&quot;
  }" doc:name="Payload"/>
        </apikit:mapping>
       
        
    </apikit:mapping-exception-strategy>
</mule>
