<?xml version="1.0" encoding="UTF-8"?>

<mule xmlns:ws="http://www.mulesoft.org/schema/mule/ws" xmlns:json="http://www.mulesoft.org/schema/mule/json" xmlns:amqp="http://www.mulesoft.org/schema/mule/amqp" xmlns:validation="http://www.mulesoft.org/schema/mule/validation" xmlns:metadata="http://www.mulesoft.org/schema/mule/metadata" xmlns:dw="http://www.mulesoft.org/schema/mule/ee/dw" xmlns:db="http://www.mulesoft.org/schema/mule/db" xmlns:http="http://www.mulesoft.org/schema/mule/http" xmlns:tracking="http://www.mulesoft.org/schema/mule/ee/tracking" xmlns="http://www.mulesoft.org/schema/mule/core" xmlns:doc="http://www.mulesoft.org/schema/mule/documentation"
	xmlns:spring="http://www.springframework.org/schema/beans" 
	xmlns:xsi="http://www.w3.org/2001/XMLSchema-instance"
	xsi:schemaLocation="http://www.springframework.org/schema/beans http://www.springframework.org/schema/beans/spring-beans-current.xsd
http://www.mulesoft.org/schema/mule/core http://www.mulesoft.org/schema/mule/core/current/mule.xsd
http://www.mulesoft.org/schema/mule/db http://www.mulesoft.org/schema/mule/db/current/mule-db.xsd
http://www.mulesoft.org/schema/mule/http http://www.mulesoft.org/schema/mule/http/current/mule-http.xsd
http://www.mulesoft.org/schema/mule/ee/tracking http://www.mulesoft.org/schema/mule/ee/tracking/current/mule-tracking-ee.xsd
http://www.mulesoft.org/schema/mule/ee/dw http://www.mulesoft.org/schema/mule/ee/dw/current/dw.xsd
http://www.mulesoft.org/schema/mule/validation http://www.mulesoft.org/schema/mule/validation/current/mule-validation.xsd
http://www.mulesoft.org/schema/mule/amqp http://www.mulesoft.org/schema/mule/amqp/current/mule-amqp.xsd
http://www.mulesoft.org/schema/mule/json http://www.mulesoft.org/schema/mule/json/current/mule-json.xsd
http://www.mulesoft.org/schema/mule/ws http://www.mulesoft.org/schema/mule/ws/current/mule-ws.xsd">
    <ws:consumer-config name="Web_Service_Consumer" wsdlLocation="http://34.236.109.151:8000/ws/bankdetails.wsdl" service="BankDetailPortService" port="BankDetailPortSoap11" serviceAddress="http://34.236.109.151:8000/ws" doc:name="Web Service Consumer"/>
    <flow name="getAccounts">
        <validation:is-not-empty doc:name="Validation" value="#[message.inboundProperties.'http.query.params'.page]" message="{ Please Enter Page Number } "/>
        <db:select config-ref="MySQL_Configuration1" doc:name="Database">
            <db:parameterized-query><![CDATA[select
AccountId,AccountType,DisplayName,TransferIn,TransferOut,Status,Nickname,LineOfBusiness,AccountNumber,Currency,InterestRate,InterestRateType,Description,CustomerId from accountdescriptor as ad inner join  account as ac on  ad.AccountDescriptorId = ac.AccDescriptorId where ac.TransferIn=false and ac.TransferOut=false]]></db:parameterized-query>
        </db:select>
        <dw:transform-message doc:name="Transform Message" metadata:id="7062abf7-7de3-4f00-8758-93bea97562cc">
            <dw:set-payload><![CDATA[%dw 1.0
%output application/java
---
{
	total: sizeOf payload,
	totalPages: (sizeOf payload)/2,
	page: inboundProperties."http.query.params".page as :number,
	account: (payload map $)
}]]></dw:set-payload>
            <dw:set-property propertyName="customerId"><![CDATA[%dw 1.0
%output application/json
---
payload map ((payload01 , indexOfPayload01) -> {
	customerId: payload01.CustomerId as :number
})]]></dw:set-property>
        </dw:transform-message>

        <logger message="object to string #[payload.CustomerId]" level="INFO" doc:name="Logger"/>
        <scatter-gather doc:name="Scatter-Gather">
            <custom-aggregation-strategy class="accountdetails.Customagg"/>
            <flow-ref name="amqpFlow" doc:name="Flow Reference"/>
            <logger message="@@@@@@@@@@@@#[payload]" level="INFO" doc:name="Logger"/>
            <flow-ref name="SoapFlow" doc:name="Flow Reference"/>

        </scatter-gather>
        <logger level="INFO" doc:name="Logger"/>
    </flow>

    <flow name="amqpFlow">
        <object-to-string-transformer doc:name="Object to String"/>
        <amqp:outbound-endpoint queueName="mulesoft_queue" responseTimeout="10000" exchange-pattern="request-response" doc:name="AMQP-0-9"/>
        <logger message="-------------#[payload]" level="INFO" doc:name="Logger"/>
    </flow>
    <flow name="SoapFlow">
        <dw:transform-message doc:name="Transform Message" metadata:id="2165ac4a-5d0e-46b1-b312-6dce2b500f3a">
            <dw:input-outbound-property doc:sample="customerId.json" propertyName="customerId"/>
            <dw:set-payload><![CDATA[%dw 1.0
%output application/java
---
 
outboundProperties.customerId map ((customerId , indexOfCustomerId) -> {
	customerId: customerId.customerId
}) 
 
]]></dw:set-payload>
        </dw:transform-message>
        <foreach doc:name="For Each">
            <dw:transform-message doc:name="Transform Message">
                <dw:input-outbound-property doc:sample="customerId.json" propertyName="customerId"/>
                <dw:set-payload><![CDATA[%dw 1.0
%output application/xml
%namespace ns0 http://bank-web-service
---
{
	ns0#getBankDetailsRequest: {
		ns0#customerId: payload.customerId as :string
	}
}]]></dw:set-payload>
            </dw:transform-message>
            <ws:consumer config-ref="Web_Service_Consumer" operation="getBankDetails" doc:name="Web Service Consumer"/>
            <dw:transform-message doc:name="Transform Message" metadata:id="8c9196c8-fc26-4e56-9f59-b175032b61a6">
                <dw:input-payload doc:sample="sample_data\getBankDetailsResponse.xml"/>
                <dw:set-payload><![CDATA[%dw 1.0
%output application/json
%namespace ns0 http://bank-web-service
---
[{
	bank: {
		bankName: payload.ns0#getBankDetailsResponse.ns0#bank.ns0#bankName,
		branch: {
			branchName: payload.ns0#getBankDetailsResponse.ns0#bank.ns0#branch.ns0#branchName,
			ifsc: payload.ns0#getBankDetailsResponse.ns0#bank.ns0#branch.ns0#ifsc,
			address: payload.ns0#getBankDetailsResponse.ns0#bank.ns0#branch.ns0#address,
			city: payload.ns0#getBankDetailsResponse.ns0#bank.ns0#branch.ns0#city,
			state: payload.ns0#getBankDetailsResponse.ns0#bank.ns0#branch.ns0#state,
			country: payload.ns0#getBankDetailsResponse.ns0#bank.ns0#branch.ns0#country,
			zip: payload.ns0#getBankDetailsResponse.ns0#bank.ns0#branch.ns0#zip,
			telephone: payload.ns0#getBankDetailsResponse.ns0#bank.ns0#branch.ns0#telephone,
			email: payload.ns0#getBankDetailsResponse.ns0#bank.ns0#branch.ns0#email
		}
	}
}]]]></dw:set-payload>
            </dw:transform-message>
            <logger level="INFO" doc:name="Logger" message="#[payload]"/>
        </foreach>
    </flow>
</mule>
